id,group,source,approved,review,sentence_en,sentence_pt
tarantola1984,fundamentals,abstract,yes,Least-squares inversion of seismic reflection data with iterative source/residual correlation: the founding FWI method.,"Solves the nonlinear seismic inverse problem by least squares; each iteration correlates the forward-propagated source field with the back-propagated data residuals, the idea behind the adjoint-state gradient.","Resolve o problema inverso sísmico não linear por mínimos quadrados; cada iteração correlaciona o campo da fonte propagado para frente com os resíduos propagados para trás, a ideia por trás do gradiente pelo estado adjunto."
virieux2009,fundamentals,abstract,yes,"Overview of FWI methods: forward modeling, gradient/Hessian, multiscale strategies.","A broad overview of FWI: forward modeling, gradient and Hessian estimation, and why local optimization can end in local minima (poor starting models, missing low frequencies, noise).","Uma visão geral ampla do FWI: modelagem direta, estimativa do gradiente e da Hessiana, e por que a otimização local pode terminar em mínimos locais (modelos iniciais ruins, falta de baixas frequências, ruído)."
bunks1995,cycle-skipping,abstract,yes,Multiscale (multigrid) strategy for seismic waveform inversion.,"Shows on the Marmousi model that decomposing the inversion by scale, starting from long wavelengths where local minima are fewer and farther apart, greatly improves convergence.","Mostra no modelo Marmousi que decompor a inversão por escala, começando por comprimentos de onda longos, onde os mínimos locais são menos numerosos e mais afastados, melhora muito a convergência."
warner2016,cycle-skipping,abstract,yes,"Adaptive waveform inversion, a new FWI formulation against cycle skipping.","Adaptive waveform inversion: instead of differencing waveforms, it designs filters that map predicted to observed data and drives them toward zero-lag deltas, a formulation meant to avoid cycle-skipping.","Adaptive waveform inversion: em vez de subtrair formas de onda, projeta filtros que levam os dados previstos aos observados e os força a virar deltas em lag zero, uma formulação pensada para evitar o cycle-skipping."
engquist2022,cycle-skipping,abstract,yes,Optimal-transport misfit for FWI.,"Uses the Wasserstein distance from optimal transport as the misfit, with a sharper convexity result, and discusses how to normalize seismic signals so the theory applies.","Usa a distância de Wasserstein, do transporte ótimo, como misfit, com um resultado de convexidade mais forte, e discute como normalizar sinais sísmicos para que a teoria se aplique."
sun2022mlmisfit,cycle-skipping,abstract,yes,Learned misfit function for FWI.,Learns the misfit function itself: a neural network trained by meta-learning (running FWI on random models) to compare predicted and observed data robustly to cycle-skipping.,Aprende a própria função de misfit: uma rede neural treinada por meta-aprendizado (rodando FWI em modelos aleatórios) para comparar dados previstos e observados de forma robusta ao cycle-skipping.
saad2026siamesefit,cycle-skipping,abstract,yes,Learned (Siamese) misfit for FWI.,"A self-supervised Siamese network compares observed and simulated data in a learned latent space, aimed at starting models whose data are more than half a cycle off.","Uma rede siamesa autossupervisionada compara dados observados e simulados num espaço latente aprendido, pensada para modelos iniciais cujos dados erram por mais de meio ciclo."
operto2013,multiparameter,abstract,yes,Multiparameter FWI methodology and crosstalk.,"A guided tour of multiparameter FWI (P- and S-wave velocities, density, attenuation, anisotropy), explaining crosstalk between parameters and why scaling matters.","Um roteiro guiado do FWI multiparâmetro (velocidades P e S, densidade, atenuação, anisotropia), explicando o crosstalk entre parâmetros e por que o escalonamento importa."
keating2020,multiparameter,abstract,yes,Numerical assessment of crosstalk in viscoelastic FWI.,"Introduces a numerical way to assess crosstalk in viscoelastic FWI, including leakage between unknowns far apart in space, which point-scatterer analysis misses.","Introduz uma forma numérica de avaliar o crosstalk no FWI viscoelástico, incluindo o vazamento entre incógnitas distantes no espaço, que a análise por espalhadores pontuais não capta."
huo2026cnnmmi,multiparameter,abstract,yes,Self-supervised multiparameter FWI framework.,"Uses three separate self-supervised networks for P-wave velocity, S-wave velocity and density to cut crosstalk pathways, combined with a low-to-high frequency workflow; applied to marine data.","Usa três redes autossupervisionadas separadas para velocidade P, velocidade S e densidade, cortando os caminhos de crosstalk, combinadas com um fluxo de baixa para alta frequência; aplicado a dados marinhos."
zhu2022integrating,deep-learning,abstract,yes,Neural-network reparameterized FWI (NNFWI) with MC-dropout uncertainty.,"Represents the velocity model with a generative neural network inside FWI; the network acts as a spatial regularizer that mitigates local minima and noise, and Monte Carlo dropout gives an uncertainty estimate.","Representa o modelo de velocidade com uma rede neural generativa dentro do FWI; a rede atua como regularizador espacial que atenua mínimos locais e ruído, e o Monte Carlo dropout fornece uma estimativa de incerteza."
sun2023implicit,deep-learning,abstract,yes,Implicit FWI with neural representations.,"Implicit FWI represents the velocity model with a coordinate-based neural network; from random initialization it reports better convergence than standard FWI, and adds dropout for approximate uncertainty.","O FWI implícito representa o modelo de velocidade com uma rede neural baseada em coordenadas; partindo de inicialização aleatória, relata convergência melhor que o FWI padrão e usa dropout para uma incerteza aproximada."
liu2026reparam,deep-learning,abstract,yes,Deep-reparameterized FWI with architecture benchmarking.,"Benchmarks network architectures (U-Net, CNN, MLP) and initialization strategies for deep-reparameterized FWI, where the network weights rather than the model cells are optimized.","Compara arquiteturas de rede (U-Net, CNN, MLP) e estratégias de inicialização para o FWI com reparametrização profunda, em que se otimizam os pesos da rede em vez das células do modelo."
deng2022openfwi,deep-learning,abstract,no,"Benchmark datasets for FWI; the contribution is data, not an FWI method.","OpenFWI: twelve open synthetic datasets (interfaces, faults, CO₂ reservoirs, one 3D set) with benchmarks of deep-learning inversion methods, including generalization tests.","OpenFWI: doze conjuntos de dados sintéticos abertos (interfaces, falhas, reservatórios de CO₂, um conjunto 3D), com benchmarks de métodos de inversão por deep learning, incluindo testes de generalização."
taufik2024learned,deep-learning,abstract,yes,Diffusion-model regularization in elastic FWI.,"Trains a diffusion model on elastic-parameter distributions and uses it as a learned regularizer in elastic FWI, instead of an empirical relation between the parameters.","Treina um modelo de difusão sobre distribuições de parâmetros elásticos e o usa como regularizador aprendido no FWI elástico, em vez de uma relação empírica entre os parâmetros."
zhang2023eifwi,uncertainty,abstract,yes,Elastic implicit FWI with MLP/Bayesian networks.,"Elastic implicit FWI: a multilayer perceptron or a Bayesian neural network generates the elastic model, reducing reliance on an accurate starting model.","FWI elástico implícito: um perceptron multicamadas ou uma rede neural bayesiana gera o modelo elástico, reduzindo a dependência de um modelo inicial preciso."
yin2025wiser,uncertainty,abstract,yes,Variational-inference uncertainty quantification for FWI.,A semi-amortized variational inference framework that pairs a generative network with physics-based refinements to estimate multimodal posteriors in FWI at full resolution.,Um arcabouço de inferência variacional semiamortizada que combina uma rede generativa com refinamentos baseados na física para estimar posteriors multimodais no FWI em resolução total.
elmeliegy2026vae,uncertainty,abstract,yes,Physics-constrained VAE for FWI uncertainty.,"A variational autoencoder, trained without labeled data and constrained by a finite-difference solver, returns a set of velocity models that fit the data, for single- and multiparameter FWI.","Um autoencoder variacional, treinado sem dados rotulados e restrito por um simulador de diferenças finitas, devolve um conjunto de modelos de velocidade que ajustam os dados, no FWI de um ou vários parâmetros."
li2022targetlapse,time-lapse,abstract,yes,Target-oriented time-lapse elastic FWI with a learned prior.,"Target-oriented time-lapse elastic FWI: redatuming focuses the inversion on the reservoir, and a deep-learning prior built from well data regularizes it.","FWI elástico time-lapse orientado ao alvo: a redatumação concentra a inversão no reservatório, e um prior de deep learning construído a partir de dados de poço a regulariza."
li2026co2,time-lapse,abstract,yes,Bayesian full-waveform monitoring (time-lapse FWI) of CO2 storage.,"Bayesian full-waveform monitoring of CO₂ storage: flow simulations build the prior, a variational autoencoder compresses it, and Hamiltonian Monte Carlo infers saturation changes.","Monitoramento bayesiano de armazenamento de CO₂ por forma de onda completa: simulações de fluxo constroem o prior, um autoencoder variacional o comprime e Hamiltonian Monte Carlo infere as mudanças de saturação."
metivier2016,cycle-skipping,abstract,yes,"Optimal-transport misfit for FWI, tested on Marmousi 2, BP 2004 and Chevron 2014 data.","Measures the misfit with an optimal transport distance that accounts for the lateral coherency of events across traces; on Marmousi 2, BP 2004 and Chevron 2014 data it is less prone to cycle skipping than the L2 distance.","Mede o misfit com uma distância de transporte ótimo que considera a coerência lateral dos eventos entre traços; nos dados Marmousi 2, BP 2004 e Chevron 2014, é menos sujeito ao cycle-skipping que a distância L2."
